,,PP,PP,PP,PP,PP,PP,PP,PP,PP,PP,MW,MW,MW,MW,MW
Date,Water_Elev,1A,2A,3A,3B,4A,4B,6A,6B,9A,10A,PH11,PH12,PH13,PH14,P19B
6/9/1980,416,187,122,138,22,173,44,64,22,16,64,,,,,
6/13/1980,415.8,186,122,139,23,173,46,64,20,17,64,,,,,
7/10/1980,411.6,174,116,138,22,172,44,64,22,17,62,,,,,
8/4/1980,409.8,156,113,136,20,122,46,67,24,17,58,,,,,
8/27/1980,406.2,138,104,132,17,171,46,66,24,18,54,,,,,
9/15/1980,404.3,124,99,130,16,172,48,68,25,18,52,,,,,
9/30/1980,402.4,110,99,124,15,170,47,70,23,14,45,,,,,
10/16/1980,400.6,97,86,126,15,170,47,68,26,19,47,,,,,
10/31/1980,399.9,92,78,123,15,169,44,66,25,18,44,,,,,
11/17/1980,399.2,86,75,122,16,169,44,65,25,19,42,,,,,
12/1/1980,398.8,86,75,122,16,169,45,66,26,19,42,,,,,
12/4/1980,404.9,127,78,124,86,170,45,68,25,20,42,,,,,
12/10/1980,405.4,130,75,125,49,170,44,74,22,20,44,,,,,
12/18/1980,405.1,129,78,127,34,170,45,67,28,19,48,,,,,
12/29/1980,404.9,128,78,128,22,171,45,66,25,20,48,,,,,
1/9/1981,404.5,126,80,128,20,170,44,67,28,20,48,,,,,
1/16/1981,404.3,124,81,128,19,170,45,68,29,20,49,,,,,
1/23/1981,405.9,135,81,129,85,170,45,68,30,20,49,,,,,
1/29/1981,417.4,204,94,135,84,173,47,70,27,20,57,,,,,
2/6/1981,416.7,201,102,135,54,172,42,68,25,19,61,,,,,
2/12/1981,416.4,200,106,136,45,172,45,67,24,19,61,,,,,
2/19/1981,416.9,204,112,137,66,170,45,68,25,16,60,,,,,
2/27/1981,416.6,202,116,138,50,170,47,70,27,19,64,,,,,
3/6/1981,416.6,201,118,138,66,170,46,70,26,18,64,,,,,
3/12/1981,416.5,200,118,138,51,170,45,68,25,19,64,,,,,
3/21/1981,417.1,203,120,138,84,171,46,69,26,19,64,,,,,
3/26/1981,417.3,204,126,139,85,171,46,69,26,19,67,,,,,
4/2/1981,416.7,201,125,140,62,171,46,69,26,19,67,,,,,
4/9/1981,416.3,196,121,139,48,171,44,68,26,18,65,,,,,
4/16/1981,415.9,193,117,137,44,170,43,66,26,17,65,,,,,
4/23/1981,415.7,193,119,139,44,171,44,68,28,18,67,,,,,
5/4/1981,414.6,188,116,138,38,171,46,68,26,19,66,,,,,
5/7/1981,414.4,184,114,137,35,170,43,67,26,17,65,,,,,
5/14/1981,413.7,182,115,139,31,171,46,69,27,18,66,,,,,
5/21/1981,413.1,177,110,137,24,171,44,68,24,18,63,,,,,
5/28/1981,412.4,175,110,138,28,171,45,69,26,18,63,,,,,
6/5/1981,411.5,168,109,138,21,171,45,70,27,17,63,,,,,
6/11/1981,410.6,164,108,138,21,171,45,70,29,18,62,,,,,
6/20/1981,409.5,168,109,138,21,171,45,70,26,16,62,,,,,
6/25/1981,408.5,149,102,134,16,169,44,69,27,17,57,,,,,
7/5/1981,406.8,142,100,134,16,169,45,69,28,16,56,,,,,
7/11/1981,406,133,97,133,15,169,43,69,28,18,55,,,,,
7/17/1981,405.2,127,96,132,15,169,43,70,29,18,54,,,,,
7/23/1981,404.3,121,93,131,14,168,43,69,29,18,53,,,,,
7/31/1981,403,120,92,132,15,169,43,70,28,18,54,,,,,
8/9/1981,402.7,109,89,130,16,169,42,70,28,19,52,,,,,
8/16/1981,401.9,100,82,128,16,168,42,70,28,19,48,,,,,
8/26/1981,399.6,90,80,124,14,166,42,72,24,17,47,,,,,
9/4/1981,398.6,84,86,122,15,164,40,73,24,14,40,,,,,
9/20/1981,395.5,67,70,122,15,161,39,69,25,17,35,30,69.2,49.3,40.5,
9/27/1981,395.3,61,68,121,15,159,39,69,26,19,35,32.8,71.2,52,40.5,
10/23/1981,392.7,40,55,117,15,156,37,69,26,17,32,,,,,
10/29/1981,393,40,55,117,15,156,37,70,26,18,30,36.17,72.19,57.85,40.5,
11/5/1981,392.7,38,60,114,15,155,39,73,26,15,27,36.6,71.97,59.01,40.19,
11/13/1981,392.7,38,54,117,15,156,40,72,29,18,33,36.97,72.21,56.66,40.27,
11/19/1981,401.7,105,54,121,51,163,38,71,27,19,39,28.33,72.02,56.35,40.27,
11/25/1981,412.1,175,68,127,82,167,37,72,27,19,52,18.06,72.41,56.06,40.3125,
11/30/1981,414,187,78,129,54,167,43,71,26,20,56,16.22,72.58,56.15,40.3125,
12/3/1981,414.3,186,81,129,15,167,40,70,25,19,58,15.73,72.54,56,40.29,
12/4/1981,414.3,186,84,130,16,168,39,71,26,19,58,15.69,72.39,55.91,40.27,
12/7/1981,410.2,162,82,130,16,167,41,71,26,19,55,19.69,72.19,55.89,40.29,
12/11/1981,410.5,163,84,131,15,167,40,72,27,19,55,19.395,72.5,55.695,40.29,
12/14/1981,410.9,167,85,133,78,167,41,71,26,19,54,19.19,72.75,55.81,40.29,
12/17/1981,411.6,167,88,131,42,167,41,71,26,18,55,18.75,72.58,55.6,40.29,
12/21/1981,419.6,218,111,135,85,170,41,72,27,19,64,8.16,72.45,55.58,40.29,
12/22/1981,417.4,206,107,134,83,169,39,70,25,18,63,12.19,72.625,55.75,40.29,
12/23/1981,416.4,199,108,135,81,170,41,71,25,18,63,13.4,72.69,55.69,40.29,
12/28/1981,417.2,202,108,136,25,168,43,72,27,18,63,12.85,72.5,55.52,40.29,
12/30/1981,418.1,210,111,138,84,170,46,73,29,18,65,11.79,72.42,55.33,40.29,
1/29/1982,421.7,225,124,139,86,171,43,71,26,18,68,9.77,72.63,55.63,40.29,
2/1/1982,422,226,125,140,81,171,43,71,25,18,70,9.21,72.25,55.67,40.29,
2/3/1982,422,226,127,142,82,172,45,73,27,19,71,9.1,72.625,55.5,40.29,
2/5/1982,422,226,126,140,54,171,45,72,26,19,69,9.04,72.41,55.58,40.29,
2/8/1982,422,226,128,141,43,172,45,72,27,20,70,9.1,72.44,55.5,40.29,
2/10/1982,422,226,127,141,38,171,44,73,27,18,70,8.85,72.4,56.66,40.29,
2/12/1982,422,225,127,139,34,171,43,71,25,18,69,9,72.6,55.42,40.29,
2/16/1982,422,230,129,132,85,173,41,71,26,17,71,7.645,72.542,55.58,40.29,
2/17/1982,422,228,134,135,86,173,43,72,27,18,72,8.71,72.58,55.54,40.29,
2/19/1982,422,226,135,136,82,172,44,72,26,18,71,9,72.58,55.66,40.29,
2/22/1982,422,225,133,135,61,172,44,72,26,18,70,9.04,72.52,55.54,40.29,
2/24/1982,422,227,134,136,44,172,46,72,28,19,70,9.1,72.52,55.52,40.29,
2/26/1982,422,227,134,136,34,173,46,73,28,19,71,9.17,72.5,55.52,40.29,
3/1/1982,422,228,134,137,86,173,46,73,29,18,71,9.17,72.41,55.41,40.29,
3/3/1982,422,227,135,136,86,173,44,72,27,18,71,9.06,72.46,55.56,40.29,
3/5/1982,422,225,135,136,81,173,44,72,27,18,71,9.08,72.458,55.541,40.29,
3/8/1982,422,225,134,136,50,172,45,73,27,19,71,9.16,72.375,55.458,40.29,
3/10/1982,422,226,135,137,36,173,46,73,28,18,72,9.375,72.375,55.46,40.29,
3/12/1982,422,223,134,136,65,172,46,73,27,18,71,9.04,72.25,55.33,40.29,
3/15/1982,422,224,136,137,46,172,47,74,29,17,72,9.17,72.19,55.29,40.29,
3/17/1982,422,225,138,139,86,173,49,76,31,18,73,9.33,72,55,40.29,
3/19/1982,422,225,135,136,86,173,45,73,27,20,71,9.33,72.25,55.5,40.29,
3/22/1982,422,225,136,138,69,174,45,73,27,18,73,9.375,72.19,55.29,40.29,
3/24/1982,422,224,136,138,46,175,46,73,28,18,72,9.33,72.125,55.29,40.29,
3/26/1982,422,224,136,138,36,174,47,74,29,19,72,9.375,72.1,55.25,40.29,
3/29/1982,422,226,138,140,23,176,50,77,32,20,74,9.41,71.11,55,40.29,
3/31/1982,422,233,138,138,88,177,47,75,31,19,73,8.08,71.94,55,40.29,
4/2/1982,422,227,144,139,85,177,48,75,31,20,74,8.125,72.04,55.208,40.29,
4/5/1982,422,225,144,138,85,176,47,74,29,20,74,8.08,72.125,55.125,40.29,
4/7/1982,422,226,141,138,84,176,48,74,29,20,74,8.5,72.08,55.33,40.29,
4/9/1982,422,225,141,137,80,176,47,74,27,19,74,8.83,72.04,55.25,40.29,
4/12/1982,422,228,144,137,88,176,46,74,28,19,75,8.66,72.02,55.29,40.29,
4/14/1982,422,227,145,137,88,176,47,74,29,20,75,8.75,72.02,55.25,40.29,
4/16/1982,422,225,144,137,85,176,46,74,28,19,74,8.75,72,55.208,40.29,
4/19/1982,422,225,142,137,72,175,47,73,28,19,74,9.06,72.02,55.23,40.29,
4/21/1982,422,224,141,137,53,175,46,73,28,19,73,9.3125,71.958,55.25,40.29,
4/23/1982,422,224,140,137,42,175,47,73,28,18,74,9.42,71.92,55.15,40.29,
4/26/1982,422,224,140,138,36,176,47,74,29,18,74,9.5625,71.916,55.146,40.29,
4/28/1982,422,224,140,138,32,176,47,74,29,19,74,9.542,71.875,55.1,40.29,
4/30/1982,422,224,140,139,31,177,48,75,30,18,74,9.58,71.77,55,40.29,
5/3/1982,421.71,224,140,139,29,176,48,75,30,18,73,9.66,71.83,55,40.29,
5/5/1982,421.66,223,138,138,30,176,46,73,28,18,72,9.75,71.75,55.08,40.29,
5/7/1982,421.5,221,138,138,30,176,46,73,30,17,72,9.83,71.71,54.95,40.29,
5/10/1982,421.3,220,137,139,33,176,48,75,31,19,73,10,71.71,54.94,40.29,
5/12/1982,421.2,220,138,139,33,176,48,75,30,20,72,10.1,71.68,55,40.29,
5/14/1982,421.1,220,136,140,32,177,47,74,30,19,73,10.21,71.66,54.94,40.29,
5/18/1982,420.7,218,136,140,32,177,48,74,30,18,73,10.5,71.58,54.83,40.29,
5/20/1982,420.6,217,136,140,32,177,47,74,30,18,72,10.54,71.58,54.88,40.29,
5/24/1982,420.2,214,136,138,32,177,47,75,31,18,72,10.83,71.42,54.69,40.29,
5/26/1982,420,213,136,138,32,177,48,76,31,18,73,11.08,71.44,54.64,40.29,
5/28/1982,419.8,212,134,137,30,177,48,75,30,18,72,11.25,71.42,54.54,40.29,
6/1/1982,419.4,210,133,137,29,177,46,74,30,18,72,11.62,71.46,54.75,40.29,
6/4/1982,419.1,208,132,137,28,177,45,73,29,18,72,11.895,71.54,54.81,40.29,
6/7/1982,418.9,205,130,137,28,176,44,73,29,18,72,12.17,71.52,54.75,40.29,
6/11/1982,418.5,205,131,140,28,177,48,75,31,19,73,12.54,71.48,54.67,40.29,
6/14/1982,418.3,204,130,139,27,177,46,74,30,18,71,12.79,71.42,54.58,40.29,
6/16/1982,418.1,202,130,140,27,178,47,75,31,18,71,12.92,71.33,54.5,40.29,
6/18/1982,417.8,202,130,140,27,179,48,75,31,20,71,13.15,71.54,54.54,40.29,
6/21/1982,417.7,199,129,140,25,179,48,75,31,19,70,13.33,71.33,54.5,40.29,
6/23/1982,417.4,198,127,139,23,179,46,74,30,18,70,13.63,71.42,54.54,40.29,
6/25/1982,417.2,198,127,140,23,179,46,74,30,19,70,13.71,71.42,54.54,40.29,
6/30/1982,416.8,195,128,140,22,178,48,76,32,19,71,14.21,71.42,54.33,40.29,
7/2/1982,416.6,194,126,140,22,178,47,74,30,19,69,14.33,71.46,54.4,40.29,
7/7/1982,416,190,124,139,20,177,47,74,30,18,68,14.88,71.4,54.38,40.29,
7/9/1982,415.8,189,123,139,19,176,46,74,30,18,68,15.06,71.35,54.35,40.29,
7/13/1982,415.3,187,123,139,19,176,46,74,30,18,67,15.48,71.33,54.33,40.29,
7/16/1982,415,185,123,140,19,176,47,75,31,18,67,15.81,71.3,54.2,40.29,
7/23/1982,414.2,182,123,140,19,175,47,75,31,18,67,16.54,71.33,54.33,40.29,
7/30/1982,413.4,178,121,139,18,174,47,75,31,20,66,17.21,71.33,54.42,40.29,
8/6/1982,412.6,170,117,137,14,173,44,74,29,16,64,18.08,71.38,54.44,40.29,
8/13/1982,411.7,166,117,137,15,173,46,75,31,18,64,18.96,71.33,54.44,40.29,
8/20/1982,410.9,161,114,135,15,172,44,74,30,18,61,19.71,71.4,54.58,40.29,
8/27/1982,410.2,154,111,134,14,171,44,74,30,18,60,20.5,71.35,54.75,40.29,
9/3/1982,409.3,151,111,134,15,171,45,75,31,19,60,21.21,71.44,56.48,40.29,
9/10/1982,408.6,145,110,133,15,171,45,75,31,18,59,22.13,71.38,57.63,40.29,
9/17/1982,407.9,142,108,133,15,170,44,75,31,18,58,22.75,71.42,57.46,40.29,
9/24/1982,407.4,138,106,132,15,170,44,75,31,18,57,23.21,71.44,56.42,40.29,
9/27/1982,403.5,118,,131,15,169,45,76,33,18,56,26.83,71.4,55.8,40.29,
9/29/1982,403.3,,,131,15,169,45,,,,55,27.04,,,,
10/1/1982,403.2,78,116,125,14,165,41,74,29,17,47,26.19,71.46,55.94,40.29,
10/4/1982,402.9,,,125,14,165,44,,,,45,28.125,,,,
10/6/1982,402.7,,,124,15,163,44,,,,40,27.5625,,,,
10/8/1982,402.5,27,106,119,15,158,42,74,30,18,33,24.33,71.67,55.71,40.29,
10/11/1982,402.2,,,117,15,155,41,,,,32,18,,,,
10/13/1982,402,,,116,15,155,41,,,,29,25.104166,,,,
10/15/1982,401.7,28,32,114,15,153,40,74,30,18,28,30.79,71.71,55.5,40.29,
10/18/1982,401.5,30,73,114,15,152,41,74,32,20,28,32.25,71.65,55.33,40.29,
10/25/1982,401.1,,,,,,,,,,,,71.67,55.33,40.29,
11/1/1982,402.1,,,,,,,,,,,34.67,71.79,55.25,40.29,
11/8/1982,401.8,,,,,,,,,,,34.83,70.88,54.92,40.29,
11/15/1982,401.6,,,,,,,,,,,34.83,70.67,55.08,40.29,
11/23/1982,407,,,,,,,,,,,30.17,70.25,55,40.29,
11/29/1982,411.2,,,,,,,,,,,29.08,70.08,55,40.29,
12/3/1982,416.6,64,88,114,84,158,39,75,30,19,33,25,70.75,55.3,40.29,
12/6/1982,417.1,53,91,114,79,158,41,75,31,20,35,25,71,55.29,40.29,
12/9/1982,417.2,51,91,115,49,158,42,77,33,19,36,24.92,71,55.17,40.29,
12/13/1982,417.1,46,89,114,22,157,40,76,31,19,34,24.88,71.42,55.42,40.29,
12/16/1982,417.1,44,91,115,18,158,41,76,31,18,35,25,71.52,55.46,40.29,
12/20/1982,417.6,59,91,117,77,159,43,77,34,19,38,25.08,70.6,55.21,40.29,
12/22/1982,420.1,100,101,122,87,166,45,80,36,19,36,24.25,74.33,55.08,40.29,
12/27/1982,418,74,101,121,79,161,42,77,32,21,44,24.08,71,55.54,40.29,
12/30/1982,417.5,66,100,119,48,160,42,76,32,22,41,24.5,71.17,55.83,40.29,
1/3/1983,417.3,55,94,117,15,158,40,75,30,21,38,24.63,71.58,55.9,40.29,
1/6/1983,417.2,52,90,116,15,157,40,74,30,20,35,24.88,71.58,55.9,40.29,
1/10/1983,417.1,51,88,116,15,157,39,74,30,20,35,25.13,71.71,55.96,40.29,
1/13/1983,417.1,50,89,117,16,158,40,75,31,20,36,25.33,71.5,55.85,40.29,
1/17/1983,417,50,90,118,16,157,42,77,33,21,36,25.58,70.75,55.75,40.29,
1/20/1983,418.3,74,88,120,84,160,41,77,33,21,36,25.42,70.67,55.83,40.29,
1/24/1983,422.4,136,100,124,87,166,42,78,33,21,40,21.63,70.92,55.75,40.29,
1/27/1983,422.6,154,116,130,86,169,45,80,37,22,53,18.17,70.83,55.69,40.29,
1/31/1983,421,101,116,125,85,167,43,77,34,21,50,22.92,71.21,55.92,40.29,
2/3/1983,417.4,75,108,124,82,163,45,79,36,20,44,25.44,71,55.67,40.29,
2/8/1983,418.5,113,107,125,87,166,43,78,36,20,42,23.79,71.19,55.85,40.29,
2/11/1983,418,86,111,125,85,165,43,77,34,21,46,23.9,71.33,56.04,40.29,
2/14/1983,419.3,98,112,124,86,166,42,75,33,21,45,23.92,71.54,56.27,40.29,
2/17/1983,418.3,78,108,123,83,163,42,76,33,20,45,24.67,71.5,56.25,40.29,
2/22/1983,418,77,106,125,82,163,43,77,34,20,44,25.17,71.45,56.15,40.29,
2/25/1983,419.1,76,105,125,91,165,45,80,37,21,43,25.54,71.21,55.92,40.29,
2/28/1983,422.3,129,121,131,88,170,43,80,38,19,48,22.92,71.13,55.85,40.29,
3/3/1983,422.4,140,140,136,87,172,48,83,36,19,58,20.71,70.38,55.42,40.29,
3/7/1983,422.3,90,118,126,87,166,42,77,30,18,46,23.94,70.58,56.17,40.29,
3/10/1983,422,88,119,128,84,166,42,78,32,18,47,24.48,70.65,56,40.29,
3/14/1983,422.3,128,125,132,87,170,40,77,31,18,52,22.19,70.92,56.21,40.29,
3/18/1983,422.3,118,116,132,87,169,43,80,35,18,48,23.46,70.75,55.83,40.29,
3/21/1983,422.1,90,119,131,88,168,46,80,34,18,47,24.08,70.92,55.92,40.29,
3/24/1983,422.3,95,119,131,88,168,44,80,35,18,46,24.38,70.88,55.92,40.29,
3/28/1983,422.1,88,116,128,86,166,42,77,32,18,44,24.33,71.13,56.25,40.29,
3/31/1983,422.1,82,112,127,86,164,40,76,31,19,44,24.63,71.25,56.5,40.29,
4/4/1983,422,78,110,127,69,163,43,78,33,19,45,25.13,71.08,56.29,40.29,
4/7/1983,421.9,76,106,126,37,162,42,77,32,18,43,25.54,71.02,56.33,40.29,
4/11/1983,421.8,74,104,126,13,162,39,77,32,18,42,25.6,70.96,56.92,40.29,
4/14/1983,421.8,74,102,125,14,161,40,77,32,19,40,25.58,71.08,57.38,40.29,
4/18/1983,421.7,71,101,126,14,161,42,79,34,18,40,25.65,70.75,57.77,40.29,
4/22/1983,421.8,71,100,125,15,160,41,77,33,20,38,25.75,70.88,57.67,40.29,
4/26/1983,422,74,100,126,78,162,41,78,33,19,39,25.67,70.83,56.75,40.29,
4/27/1983,422,75,101,126,83,162,42,81,34,18,40,25.5,70.75,56.67,40.29,
5/2/1983,422,77,102,124,83,163,39,78,31,18,37,25.42,71,56.79,40.29,
5/6/1983,422,76,104,125,84,162,42,80,32,19,39,25.56,70.96,56.63,40.29,
5/9/1983,421.9,74,101,124,71,161,41,78,32,18,39,25.56,70.88,56.46,40.29,
5/12/1983,422,73,100,125,34,160,41,80,33,18,40,25.6,70.79,56.29,40.29,
5/17/1983,421.8,72,99,124,13,159,41,79,32,18,38,25.67,70.9,56.33,40.29,
5/19/1983,421.7,72,100,125,15,160,41,78,34,18,40,25.75,70.75,56.13,40.29,
5/23/1983,421.5,71,98,124,13,159,40,77,33,17,38,25.67,70.67,56,40.29,
5/26/1983,421.3,71,97,125,14,158,41,78,34,17,38,25.67,70.56,55.85,40.29,
5/31/1983,421,70,96,125,14,158,42,79,35,18,39,25.65,70.48,55.71,40.29,
6/3/1983,420.8,69,94,123,14,157,40,77,33,18,36,25.6,70.63,55.94,40.29,
6/6/1983,420.4,66,92,124,14,157,40,78,34,17,37,25.75,70.52,55.79,40.29,
6/9/1983,420.1,62,89,122,13,156,38,77,33,17,36,25.79,70.54,55.79,40.29,
6/13/1983,419.8,62,88,122,14,156,39,77,33,17,36,25.81,70.54,55.79,40.29,
6/16/1983,419.5,61,87,122,14,157,39,78,34,19,35,25.77,70.5,55.75,40.29,
6/20/1983,419.2,58,86,123,15,156,40,78,35,18,36,25.83,70.48,55.8,40.29,
6/23/1983,418.6,56,84,122,14,155,38,78,34,17,34,25.96,70.63,55.75,40.2,
7/14/1983,416.2,35,75,120,14,153,38,78,35,17,32,26.19,70.46,55.44,40.29,
7/18/1983,415.7,27,72,118,14,152,36,77,34,16,31,26.23,70.5,55.46,40.29,
7/21/1983,415.4,28,72,118,14,153,36,77,34,18,31,26.25,70.58,55.54,40.29,
7/26/1983,414.8,28,70,117,14,152,36,76,34,17,31,26.42,70.54,55.52,40.29,
7/28/1983,414.6,28,70,116,14,152,36,76,34,17,30,26.58,70.63,55.46,40.29,
8/9/1983,413,29,68,116,15,151,37,77,34,18,30,27.06,70.52,55.4,40.29,
8/17/1983,411.9,36,62,114,14,149,36,77,33,16,29,28.02,70.46,55.21,40.29,
8/23/1983,411.3,29,62,114,15,148,36,76,35,18,28,28.75,70.63,55.35,40.29,
8/30/1983,410.5,29,62,114,15,145,37,77,36,18,28,29.33,70.56,55.25,40.29,
9/7/1983,409.6,29,60,113,15,144,37,78,34,18,26,29.75,70.5,55.08,40.29,
9/20/1983,407.9,29,58,111,15,141,34,77,35,18,24,34.67,70.67,55.08,40.29,
10/4/1983,406.5,29,53,109,15,138,35,76,35,18,26,34.83,70.77,55.06,40.29,
10/19/1983,405.1,29,47,107,15,134,35,77,35,18,26,34.83,70.83,55,40.29,
11/2/1983,403.9,28,44,105,15,130,32,76,34,17,24,34.83,71.08,54.92,40.29,
11/15/1983,411,27,47,112,83,148,33,76,33,18,26,28.6,71.04,54.1,40.29,
11/23/1983,417.7,62,64,112,84,152,36,77,34,19,37,27.08,70.71,55,40.29,
12/1/1983,417.7,56,74,117,81,153,39,79,35,18,43,26.06,70.23,55.31,40.29,
12/7/1983,418.1,68,74,118,86,155,38,77,34,18,41,25.42,70.73,56.54,40.29,
12/14/1983,418.8,82,90,122,85,158,39,76,33,18,47,24.96,70.96,57.5,40.29,
12/21/1983,417.4,59,73,120,82,154,40,78,33,18,40,25.25,70.98,56.65,40.29,
12/27/1983,420.6,105,100,128,87,163,41,79,34,19,53,23.77,70.9,56.13,40.29,
1/6/1984,417.6,68,76,123,82,155,41,77,34,20,41,24.75,71.08,56.13,40.29,
1/11/1984,417.4,54,74,122,69,153,40,76,34,19,38,25.13,71.13,56.21,40.29,
1/16/1984,417,42,70,123,43,153,41,78,34,19,36,25.33,71.04,56.13,40.29,
1/24/1984,416.7,33,64,120,35,151,37,76,32,19,32,25.29,71.21,56.42,40.29,
1/31/1984,416.6,30,66,121,20,151,40,78,34,19,32,25.63,70.92,56.17,40.29,
2/7/1984,416.4,29,64,120,16,150,38,77,33,19,31,25.52,70.94,56.29,40.29,
2/14/1984,417.1,35,64,120,86,151,37,77,33,19,29,25.42,70.96,56.42,40.29,
2/23/1984,418.9,52,70,121,79,154,38,77,35,19,34,25.38,70.9,56.42,40.29,
2/28/1984,419.4,47,71,122,43,152,39,78,34,18,33,25.35,70.77,56.35,40.29,
3/6/1984,418.9,43,68,120,16,154,37,77,32,17,32,25.33,70.79,56.33,40.29,
3/9/1984,418.8,44,70,122,17,154,38,78,33,19,32,25.31,70.85,56.52,40.29,
3/15/1984,419.5,52,72,123,83,155,40,80,35,20,32,25.4,70.69,56.38,40.29,
3/19/1984,420.9,69,77,125,83,158,40,79,35,19,34,25.33,70.67,56.42,40.29,
3/23/1984,421.2,61,77,124,57,156,39,79,34,19,35,25.33,70.63,56.4,40.29,
3/28/1984,421.2,57,76,125,22,156,40,79,34,20,34,25.33,70.6,56.42,40.29,
4/4/1984,420.9,54,76,125,16,155,41,80,36,20,34,25.31,70.46,56.33,40.29,
4/6/1984,420.8,52,76,125,16,154,40,80,35,18,34,25.35,70.46,56.29,40.29,
4/10/1984,420.6,51,75,124,17,154,39,79,34,20,34,25.33,70.54,56.5,40.29,
4/13/1984,420.5,50,75,125,17,154,40,79,34,20,34,25.33,70.48,56.46,40.29,
4/17/1984,420.3,49,74,124,17,153,39,79,35,19,32,25.35,70.46,56.44,40.29,
4/19/1984,420.3,47,74,123,16,153,37,78,34,19,33,25.42,70.52,56.5,40.29,
4/25/1984,420,48,75,123,16,153,37,78,35,19,32,25.33,70.52,56.58,40.29,
4/27/1984,419.9,47,75,123,16,153,38,80,35,18,32,25.33,70.4,56.46,40.29,
5/1/1984,419.6,45,73,122,16,151,38,78,35,19,32,25.33,70.46,56.54,40.29,
5/4/1984,419.5,46,73,123,17,152,38,79,36,20,32,25.33,70.48,56.58,40.29,
5/8/1984,419.2,42,72,121,16,151,37,78,33,17,31,25.33,70.5,56.65,40.29,
5/11/1984,418.9,41,73,122,16,152,37,78,34,18,31,25.35,70.42,56.56,40.29,
5/15/1984,418.4,39,71,122,16,151,37,79,36,19,31,25.42,70.38,56.6,40.29,
5/18/1984,418.1,36,67,121,16,151,36,78,35,19,30,25.46,70.48,56.67,40.29,
5/22/1984,417.6,33,68,121,16,151,36,78,34,18,30,25.5,70.38,56.6,40.29,
5/25/1984,417.5,34,69,122,16,151,36,79,34,19,31,25.54,70.35,56.6,40.29,
6/1/1984,416.5,30,66,121,16,151,37,80,36,19,29,25.71,70.27,56.42,40.29,
6/8/1984,415.7,29,65,120,16,151,36,79,35,18,29,25.79,70.38,56.46,40.29,
6/12/1984,415.2,28,64,119,15,149,36,79,36,18,28,25.75,70.17,56.25,40.29,
6/21/1984,414.2,30,63,119,16,148,35,79,36,18,29,26,70.29,56.29,40.29,
6/26/1984,413.5,30,62,118,16,148,34,79,35,19,29,26.21,70.29,56.29,40.29,
7/3/1984,412.5,29,60,116,15,146,33,79,35,17,26,26.9,70.27,56.29,40.29,
7/11/1984,411.2,30,59,115,16,144,35,80,35,19,27,28.21,70.27,56.42,40.29,
7/18/1984,410,29,56,112,16,140,35,79,34,19,26,29.08,70.29,56.23,40.29,
7/31/1984,408.1,28,49,107,15,133,34,79,34,18,26,34.63,70.38,56.04,40.29,
8/14/1984,405.8,30,50,107,16,131,35,80,36,19,27,34.83,70.5,56.13,40.29,
8/29/1984,403.4,28,45,104,16,127,31,78,33,18,25,34.83,70.75,56.21,40.29,
9/12/1984,401.2,29,45,104,15,122,32,80,33,19,21,34.83,70.71,55.81,40.29,
10/2/1984,398,29,42,101,15,109,30,80,35,18,19,34.84,70.9,55.85,40.29,
11/19/1984,401.8,28,37,102,83,134,32,77,31,17,20,34.83,71.27,55.98,40.29,
12/19/1984,410.2,29,46,103,82,129,34,80,35,19,28,31.08,71.52,55.75,40.29,
1/2/1985,410.3,29,43,101,17,127,31,77,32,18,27,29.25,72.02,56.42,40.29,
1/11/1985,410.9,29,47,105,85,136,31,77,32,19,27,29.02,71.19,56.56,40.29,
1/17/1985,411,29,48,103,71,131,33,78,32,19,27,28.81,71.48,56.73,40.29,
1/23/1985,411,30,48,103,29,130,34,78,34,19,27,28.71,71.58,56.6,40.29,
1/29/1985,410.8,29,48,103,17,129,34,110,33,18,28,28.83,71.67,57.15,40.29,
2/12/1985,418.1,52,57,114,80,144,30,76,30,33,16,24.73,72.54,56.67,40.29,
2/15/1985,418.3,34,57,113,61,142,32,77,30,16,35,25.08,71.81,56.54,40.29,
2/19/1985,418.4,29,58,114,33,142,34,79,32,18,37,25.1,71.79,56.46,40.29,
2/22/1985,418.4,27,54,112,17,140,33,78,31,17,34,25.15,71.7,56.46,40.29,
2/28/1985,418.2,27,50,111,14,139,31,77,31,17,31,25.19,71.88,56.58,40.29,
3/6/1985,418,27,52,112,15,139,34,79,33,31,18,25.17,71.81,56.58,40.29,
3/12/1985,418.7,41,54,115,83,143,33,79,31,18,31,25.21,71.83,56.63,40.29,
3/18/1985,418.8,29,60,115,42,144,33,79,31,18,33,25.33,71.71,56.83,40.29,
4/2/1985,422,54,64,117,62,148,31,77,30,17,33,25.17,71.71,56.58,40.29,
4/24/1985,420.7,36,60,118,14,149,33,76,30,16,31,25.08,71.54,56.33,40.29,
5/2/1985,420,36,61,120,15,149,34,78,33,17,31,25.08,71.33,56.4,40.29,
5/10/1985,419.3,31,60,119,15,149,37,78,33,17,31,25.08,71.25,56.25,40.29,
5/16/1985,418.7,29,61,119,15,148,35,79,32,17,29,25.17,71.21,56.25,40.29,
5/21/1985,418.3,28,59,118,15,148,33,78,32,17,28,25.08,71.23,56.27,40.29,
5/24/1985,417.9,28,59,118,15,148,33,79,33,17,29,25.08,71.21,56.29,40.29,
5/30/1985,417.4,29,58,118,15,147,34,79,32,17,28,25.08,71.17,56.29,40.29,
6/10/1985,416.3,27,56,116,14,148,32,79,31,16,26,25.25,71,56.19,40.29,
6/19/1985,414.9,28,56,116,14,148,33,80,33,17,27,25.5,71,56.25,40.29,
6/27/1985,413.7,27,53,114,13,147,31,79,32,16,25,25.9,71.08,56.25,40.29,
7/3/1985,412.9,26,52,113,13,146,31,78,30,16,25,26.4,71.15,56.33,40.29,
7/11/1985,411.6,28,51,112,14,145,33,77,32,17,25,27.54,71.1,56.31,40.29,
7/16/1985,411,27,50,111,13,143,33,78,32,16,24,28.29,70.98,56.21,40.29,
7/23/1985,410.1,28,50,110,14,138,32,78,32,17,23,28.79,71.15,56.25,40.29,
8/7/1985,407.9,27,45,108,13,130,30,78,32,16,24,34.75,71.15,56.17,40.29,
8/21/1985,406,28,44,107,14,128,29,78,31,17,24,34.83,71.23,56.25,40.29,
9/5/1985,403.9,28,42,106,15,124,30,79,31,17,24,34.83,71.29,56.19,40.29,
9/20/1985,402.4,27,39,104,14,118,28,78,30,16,22,34.83,71.44,56.15,40.29,
10/2/1985,401,28,40,103,14,114,28,78,32,17,23,34.83,71.58,56.08,40.29,
11/8/1985,397.4,28,36,99,15,93,27,78,32,17,18,34.83,71.83,55.96,40.29,
12/27/1985,400.4,29,38,100,15,106,26,78,31,18,20,34.83,72.5,56.13,40.29,
2/4/1986,417.5,72,78,112,86,143,36,78,29,18,26,25.08,71.92,56.5,40.29,
2/14/1986,423.8,94,75,118,91,157,35,80,32,17,36,21.08,71.83,55.92,40.29,
2/24/1986,421.7,75,103,122,80,146,32,77,30,17,52,24.92,72.42,56.29,40.29,
3/20/1986,422.1,71,96,122,67,144,35,77,29,17,43,24.71,72.46,56.33,40.29,
4/18/1986,421.3,31,61,116,15,139,32,76,29,17,32,25.08,72.17,56.33,40.29,
5/28/1986,418,28,58,117,15,139,34,79,32,17,30,25.31,71.5,56.02,40.29,
6/25/1986,414.9,27,54,116,14,138,31,78,30,16,26,25.54,71.63,56.25,40.29,
7/24/1986,410.8,28,50,112,15,131,34,77,30,17,25,28.38,71.54,56.04,40.29,
8/27/1986,406.3,27,44,108,14,119,34,77,31,17,20,34.83,71.63,55.94,40.29,
9/23/1986,402.5,28,43,107,15,113,32,79,34,17,17,34.83,71.6,55.44,40.29,
10/23/1986,399.6,29,38,104,15,100,34,78,32,18,16,34.83,72.02,55.71,40.29,
11/14/1986,397.9,28,38,98,15,87,32,78,31,17,14,34.83,72.17,55.42,40.29,
12/17/1986,396.5,28,36,90,15,66,27,77,31,17,13,34.83,72.58,55.92,40.29,
1/16/1987,395.5,28,33,89,16,62,24,77,32,17,13,34.83,72.92,56.52,40.29,
2/25/1987,404,28,43,98,15,117,26,79,33,17,21,34.83,72.88,56.5,40.29,
3/26/1987,410.7,29,53,101,71,123,29,77,28,18,21,28.77,73.33,56.31,40.29,
4/22/1987,408.8,28,41,101,14,117,43,77,29,16,20,34.83,71.15,56.25,40.29,
5/22/1987,405.1,28,38,100,15,109,28,76,29,17,19,34.83,73.65,56.27,40.29,
6/30/1987,399.4,28,33,96,15,93,30,76,29,17,14,34.83,72.77,56.25,40.29,
7/29/1987,395.7,28,32,91,15,69,29,77,29,17,13,34.83,81.08,56.19,40.29,
8/31/1987,390,27,27,88,14,46,28,75,28,17,12,34.83,74.4,56.23,40.29,
9/30/1987,385.5,27,28,60,14,24,28,74,28,14,12,34.83,73.88,56.29,40.29,
10/30/1987,382.1,28,28,48,15,15,26,75,29,17,13,34.83,74.5,55.96,40.29,
11/19/1987,381.1,26,26,38,14,14,22,73,27,18,13,34.83,75.19,56.38,40.29,
12/28/1987,402.9,27,44,79,83,117,28,74,28,17,14,34.83,75.56,56.38,40.29,
1/29/1988,418.2,27,63,94,22,131,30,76,30,19,27,25.71,75.2916,56.375,40.29166,
2/29/1988,418.4,27,54,95,14,128,30,75,28,17,27,25.229,75.1875,56.708,40.291,
3/22/1988,417.2,28,52,96,15,129,28,73,25,17,26,25.3958,74.8958,56.75,40.291,
4/25/1988,414.8,26,48,96,13,126,27,72,25,16,24,26.083,74.41666,56.666,40.2916,
5/19/1988,413.3,27,48,98,13,125,28,74,26,15,25,26.5,74.08333,56.58333,40.2916,
6/27/1988,409.4,28,42,95,14,115,25,73,27,16,24,29.98,73.91666,56.625,40.2916,
7/20/1988,406.1,26,38,93,14,108,25,72,26,16,22,34.83333,73.89583,56.5625,40.2916,
11/30/1988,394.4,26,32,61,29,31,22,79,26,16,14,34.83333,75.333,56.5,40.2916,
12/29/1988,396.2,28,45,70,38,63,22,70,23,18,14,34.83333,75.58333,56.75,40.2916,
1/30/1989,397,28,36,77,16,72,24,70,27,15,14,34.83333,75.58333,56.75,40.2916,
2/28/1989,396.5,29,36,73,16,57,26,73,28,18,16,34.83333,75.58333,56.75,40.2916,
3/30/1989,422,36,81,100,78,140,28,72,22,19,22,25.166,76.25,56.9166,40.2916,
4/11/1989,421.9,29,58,99,12,133,30,73,24,18,27,25.166,75.5,56.625,40.2916,
5/9/1989,420.7,29,54,102,15,131,32,74,29,28,19,25.166,74.8333,56.458333,40.2916,
6/23/1989,417.6,28,56,104,15,126,30,74,26,17,26,25.2916,73.91666,56.2916,40.2916,
7/28/1989,415.1,28,53,101,14,124,26,72,26,17,21,26.0833,74.1666,56.5833,40.2916,
8/31/1989,410.8,28,48,100,15,116,26,73,26,18,23,28.5,73.20833,56.5208,40.2916,
9/27/1989,408.1,29,43,97,15,109,25,72,27,18,22,34.833,74.625,56.5833,40.2916,
10/31/1989,407.3,29,42,93,16,104,25,68,24,18,16,34.75,74.45833,56.75,40.2916,
11/16/1989,406.8,28,41,92,15,103,24,70,22,17,15,34.75,74.33,56.5,40.2916,
12/28/1989,406.6,29,41,92,15,101,26,70,24,17,17,34.75,75,56.5833,40.2916,
3/30/1990,415,30,55,104,17,125,30,71,25,19,27,25.75,75.4166,57,40.2916,
5/31/1990,413.6,28,50,102,14,124,25,70,22,18,23,26.0833,74.9166,56.8333,40.2916,
6/30/1990,411.5,27,51,103,14,119,28,70,21,17,21,27.75,75,56.5,40.2916,
7/31/1990,408.9,24,42,100,14,110,24,70,21,15,18,31.5,74.25,56.333,40.2916,
8/31/1990,405.7,28,42,97,14,100,26,70,21,16,14,34.666,75,55.75,40.2916,
9/28/1990,402.6,26,38,89,13,82,23,70,20,14,12,34.8333,75.1666,55.1666,40.2916,
10/30/1990,397.4,26,33,79,16,43,24,70,21,14,19,34.83,,56,,
11/29/1990,396.7,30,34,78,17,41,22,70,22,16,20,34.83,75.5,56.4166,,
12/31/1990,394.9,29,32,72,16,34,22,72,24,18,14,34.8333,75.9166,56.666,,
1/31/1991,393.3,30,32,71,16,34,22,70,24,18,16,34.8333,76,56.8333,40.29166,
2/26/1991,393.2,28,32,64,16,17,22,71,24,18,14,34.8333,76.5833,57.66,40.29166,
4/29/1991,421.3,28,57,100,16,130,22,71,20,18,23,25.25,76.333,56.666,40.29166,
5/23/1991,419.6,25,56,104,12,128,24,70,21,16,24,25.0833,75.25,56.5,40.29166,
6/26/1991,416.5,27,54,101,15,125,26,70,21,18,24,25.6666,75,56.66,40.2916,
8/7/1991,412.2,28,46,99,13,118,24,68,19,18,20,27.25,75,56.8,,
8/26/1991,411.1,28,44,98,14,116,28,68,19,20,27,28.75,75,56.66,,
9/30/1991,407.1,30,48,90,15,102,24,70,19,13,14,34.833,75,57,,
10/30/1991,403.2,27,39,86,16,90,24,67,18,16,18,34.833,75.45833,57.1666,,
11/27/1991,402.3,27,36,82,14,73,22,66,20,13,18,,75.75,57.1666,,
12/31/1991,401.5,28,36,78,30,65,24,69,21,13,13,,75.70833,57.5,,
1/31/1992,401.9,26,32,68,16,66,20,64,20,13,16,,76.25,57.1666,,
2/27/1992,418.8,27,73,98,48,137,18,66,20,17,16,25.5,76.3333,57.666,,
3/31/1992,422,28,72,92,18,128,22,68,21,26,15,25,75.25,57,,
5/11/1992,419.7,28,56,90,13,129,26,68,19,23,18,26.4166,75.75,56.91666,,
5/29/1992,417.7,26,60,92,12,128,26,68,21,22,18,25.5,74.9166,57.166,,
6/29/1992,415.1,20,48,92,15,92,27,68,17,22,11,26.4166,75.0833,57.333,,
7/30/1992,411.7,30,51,89,16,116,28,68,20,19,17,,75.0833,57.4166,,
8/27/1992,408.7,28,42,86,14,102,24,66,18,16,16,,75.25,57.666,,
9/30/1992,404.7,26,38,70,14,78,22,64,18,15,16,,75.9166,57.5,,
10/30/1992,401.9,25,36,55,14,58,22,60,18,16,16,,76.0833,58,,
11/23/1992,401.4,25,40,55,14,50,22,60,18,16,16,,76.083333,58.1666,,
12/31/1992,401.5,28,70,82,78,124,19,64,21,12,14,27.5,76.333,58.3333,,
1/28/1993,422,42,94,81,70,133,24,68,21,17,15,24.5,75.55,57.1,,
2/24/1993,422,42,80,84,70,130,24,70,21,18,15,24.6,75.2,57,,
4/29/1993,421,28,63,83,15,129,30,67,20,17,23,25.0833,74.75,57.1666,40.25,
5/28/1993,419.1,28,59,85,13,128,33,68,22,18,20,25.666,74.1666,57.666,40.25,
6/30/1993,416.9,28,60,85,15,127,30,67,23,17,22,25.333,73.666,56.91666,,
7/30/1993,413.1,26,53,79,14,119,27,67,22,17,16,26.45833,74,56.79166,,
8/23/1993,409.8,27,50,74,13,110,26,68,25,17,18,28.666,74,56.75,,
9/29/1993,405.5,26,45,69,14,84,26,68,25,17,13,,74.333,56.666,,
10/27/1993,403.3,27,41,67,14,66,26,67,23,17,13,,74.666,56.741666,,
11/28/1993,400.1,27,41,62,15,46,27,69,24,17,15,,75.5,57.75,,
12/29/1993,404.6,27,39,62,16,86,23,66,23,17,13,,76.75,57.375,,
1/26/1994,405.8,27,48,62,82,104,22,67,26,17,14,34.833,75.5729,57.1458,40.5,
2/25/1994,413.3,28,76,74,82,123,31,68,26,18,15,26.6666,75.3,56.75,40.5,
3/29/1994,413.1,29,55,75,16,115,27,67,23,19,15,28.25,76,57.5,40.5,
4/27/1994,411.6,28,48,75,15,112,29,70,24,17,16,27.75,75.1666,57.2083,40.5,
5/31/1994,409.7,29,43,73,14,103,28,69,23,19,16,29.2083,72.25,57,40.5,
7/1/1994,405.8,26,39,71,15,89,27,69,24,18,16,34.8333,75.5,57.1666,40.5,
8/31/1994,398.9,27,32,60,14,38,25,69,25,17,13,34.8333,75.83,56.6666,40.5,
9/28/1994,396,27,29,54,14,26,23,69,24,17,13,34.8333,76.25,56.25,40.5,
10/28/1994,394.4,28,30,47,15,14,22,69,15,17,13,34.8333,76.5416,56.5416,40.5,
11/30/1994,396.6,29,36,44,42,10,21,68,24,18,13,34.8333,77.1458,57.1458,40.5,
12/30/1994,402.4,26,53,57,45,81,20,68,24,17,13,34.8333,77.0416,,40.5,
1/30/1995,422,82,108,65,90,147,23,67,23,18,23,25.5208,76.8541,57.2083,40.5,
2/28/1995,421.9,28,73,59,45,128,29,69,24,18,24,25.0833,76.1666,56.8125,40.5,
3/29/1995,422,48,105,73,65,141,35,66,25,18,31,24.75,75.6666,56.8333,40.5,
4/26/1995,421.7,29,65,63,13,133,33,70,27,18,27,25,75,56.9375,40.5,
5/30/1995,421.3,28,64,63,14,130,32,69,25,18,25,24.75,74.6875,57.0416,40.5,
6/28/1995,419.4,26,59,59,13,128,30,69,25,16,23,24.75,74.6875,57.0416,40.5,
8/28/1995,412.9,26,52,61,12,119,25,68,25,16,17,26.6,74.2,56.2,40.5,
9/26/1995,409.9,28,52,59,15,115,17,70,26,17,18,28.8,74.4,55.8,40.5,
10/27/1995,407.5,26,47,57,14,103,25,70,26,17,17,34.83,74.6,55.5,40.5,
11/29/1995,404.9,26,43,51,15,87,23,68,26,18,16,34.83,75.1,56.2,40.5,
12/31/1995,415.8,27,59,67,82,132,23,67,25,17,18,25.2,75.1,56.6,40.5,
1/30/1996,422.1,47,91,82,84,143,31,71,29,19,26,24.8,74.8,56.6,40.5,
2/28/1996,422,34,91,79,88,139,35,70,27,19,29,24.8,74.5,56.9,40.5,
3/27/1996,421.8,28,79,80,43,134,37,71,28,19,29,24.9,73.6,56.7,40.5,
4/30/1996,421.7,28,66,78,15,132,33,70,26,17,25,24.9,73.7,57,40.5,
5/31/1996,421.6,29,69,77,18,133,33,70,25,18,25,24.9,73.6,57,40.5,
6/26/1996,419.2,28,65,77,14,129,33,72,27,18,24,25.2,73.1,56.6,40.5,
7/31/1996,415.6,27,59,67,82,132,23,67,25,17,18,25.2,75.1,56.6,40.5,
8/30/1996,408.9,28,50,62,15,108,29,70,28,15,15,30.7,73.7,56.6,40.5,
11/26/1996,407.6,29,46,53,42,87,25,67,26,18,16,34.8,75.3,56.9,40.5,
12/19/1996,419.5,29,71,73,46,135,26,70,27,18,17,24.8,74.4,56.9,40.5,
1/24/1997,422.2,117,96,75,84,146,31,70,28,19,29,26.4,75.6,56.8,40.5,
2/28/1997,421.7,27,65,61,20,127,33,71,29,16,26,25,73.8,57,40.5,
3/25/1997,421,27,65,63,16,128,33,72,29,18,25,25,73.4,56.5,40.5,
4/29/1997,419.2,28,59,65,15,127,32,72,28,22,18,25,73.4,56.7,40.5,
5/23/1997,417.2,28,59,65,15,125,30,71,28,18,20,25.3,73.6,54.4,40.5,
7/25/1997,410.5,27,51,59,15,124,27,71,28,17,17,28.5,73.5,53.5,40.5,
9/24/1997,403,27,45,52,14,79,26,73,30,17,16,34.8333,74.1,56,40.5,
10/30/1997,399.8,29,41,53,17,50,23,71,28,18,14,34.8333,74.8,56.4,40.5,
11/25/1997,400.5,29,47,53,48,41,25,72,31,19,14,34.8333,75.4,56.1,40.5,
12/24/1997,409,29,60,55,48,109,24,70,31,20,17,34.8333,74.9,56.4,40.5,
1/28/1998,422,27,97,64,87,132,34,75,33,19,29,24.8,74.9,51.7,40.5,
3/24/1998,422,29,78,63,79,128,43,76,33,19,29,24.9,74.2,56.3,40.5,
4/27/1998,422,29,86,63,55,132,36,75,31,18,27,,,,,
5/29/1998,421.8,25,73,56,30,127,29,73,27,15,19,34.8,73.5,56,40.5,
6/29/1998,420.9,27,69,63,15,125,33,73,29,17,21,25,73.7,56.3,40.5,
7/23/1998,418.9,27,64,62,13,124,31,75,30,18,20,,,,,
8/27/1998,415.1,29,61,60,14,120,30,74,31,18,19,34.833,,56.2,40.5,
9/30/1998,411.1,29,59,56,15,115,30,74,31,18,18,28.1,73.2,55.9,40.5,
10/26/1998,408.8,26,54,52,14,109,28,75,33,19,20,32.1,73.3,55.7,40.5,
11/24/1998,408.8,27,51,56,59,97,27,73,31,17,16,34.83,73.9,55.5,40.5,
12/8/1998,418.3,30,74,63,75,127,24,72,27,19,17,34.8333,74.1,56.5,40.5,
1/28/1999,421.5,28,87,59,78,126,31,73,30,18,20,24.6,74.2,56.5,40.5,
2/25/1999,422.1,36,99,71,86,134,32,73,30,17,27,24.6,74.6,56.6,40.5,
3/25/1999,422.2,28,97,74,85,121,39,75,33,18,25,24.7,73.4,56.3,40.5,
4/29/1999,421.5,27,87,75,39,124,37,77,33,17,23,24.8,74.1,56.5,40.5,
5/27/1999,419.6,27,74,73,16,123,35,76,33,18,22,24.9,73.9,56.5,40.5,
6/28/1999,416.6,29,67,73,16,120,32,76,32,18,20,25.3,74.3,56.2,40.5,
7/29/1999,413.1,29,57,65,16,116,30,75,32,18,19,34.8,74,56.1,40.5,
8/25/1999,409.8,29,56,61,15,110,31,77,33,17,18,28.6,74.6,55.5,40.5,
9/27/1999,405.5,28,52,61,16,85,31,71,32,17,16,34.8,75,55.1,40.5,
10/25/1999,402.2,25,44,48,14,54,27,70,30,17,14,34.8,75,55,40.5,
11/29/1999,401.3,24,41,40,14,31,21,71,30,17,13,34.8,76.3,55.1,40.5,
12/15/1999,401.7,26,45,44,15,26,23,68,30,18,14,34.8,76.3,55.6,40.5,
1/27/2000,407.8,27,78,43,82,106,26,74,31,18,13,30.5,77.1,56.4,40.5,
2/24/2000,422.2,53,82,68,86,116,28,74,31,18,22,24.3,76.9,56.3,40.5,
3/31/2000,421.4,25,79,58,17,118,29,71,29,17,22,24.7,76.6,56.4,40.5,
4/26/2000,420.7,28,74,56,15,118,30,70,30,17,20,24.7,76.5,56.4,40.5,
5/26/2000,419.2,27,66,54,14,119,31,70,31,18,19,24.8,76.4,56.3,40.5,
8/25/2000,408.2,28,48,47,14,93,30,67,28,17,15,34.8,76.1,55.3,40.5,
9/5/2000,407,28,49,43,12,92,27,70,28,14,13,34.833,75.9,55.2,40.5,
9/29/2000,403.6,28,50,42,12,73,27,76,30,17,13,34.833,76.4,54.9,40.5,
10/30/2000,401.3,26,47,37,14,41,25,72,30,12,10,34.833,76.8,55,40.5,
11/27/2000,400.5,26,40,32,15,19,25,58,30,17,12,34.833,77.5,55.4,40.5,
12/29/2000,400.3,26,30,25,14,13,23,72,28,16,12,34.833,77.7,56.5,40.5,
1/30/2001,406.9,30,67,38,67,87,25,69,29,19,14,31.8,78.1,56.3,40.5,
2/28/2001,422.2,27,92,53,84,138,24,72,30,18,16,24.7,77.8,56.3,40.5,
3/29/2001,421.7,26,74,60,18,119,26,72,28,16,20,24.9,77.4,56.4,40.5,
4/26/2001,420.4,30,66,67,15,119,30,75,28,16,19,25,77.8,56.5,40.5,
5/31/2001,417.1,26,58,62,11,118,32,74,28,12,15,24.9,76.5,56.3,40.5,
6/29/2001,413.4,28,54,70,15,115,30,73,26,17,16,26.2,76.7,56.2,40.5,
7/27/2001,409.6,26,44,62,13,105,28,74,26,16,13,29.1,76.8,56,40.5,
8/31/2001,404.6,25,46,54,14,79,26,72,27,15,13,34.833,77,55.6,40.5,
9/27/2001,401,27,42,50,14,53,29,74,29,17,15,34.833,77.5,55.6,40.5,
10/29/2001,396.8,29,40,45,14,17,26,73,26,17,15,34.833,78.18,55.77,40.5,
11/26/2001,400,28,32,36,52,13,22,73,27,18,13,34.833,78.4,55.5,40.5,
12/28/2001,422.2,30,89,67,90,126,28,75,28,18,16,24.6,76.4,55.6,40.5,
1/29/2002,422,27,70,61,36,117,28,69,29,17,19,24.6,78,56.2,40.5,
2/28/2002,422,25,96,78,53,127,33,74,29,17,20,24.8,77.8,56.3,40.5,
4/1/2002,421.96,23,90,80,44,124,32,69,27,14,19,24.8,76.9,56.3,40.5,
4/29/2002,420.49,30,75,80,12,125,32,70,29,19,20,25.6,76.7,56.6,40.5,
5/29/2002,418.52,25,74,80,12,125,31,75,28,15,20,25,76.4,56.4,40.5,
6/28/2002,415.11,24,65,81,16,120,29,74,28,18,20,25.4,76.4,56.2,40.5,
7/31/2002,410.7,29,52,76,18,110,28,75,27,12,16,28.4,76.7,56.1,40.5,
8/29/2002,406.88,26,48,66,15,93,29,75,28,16,16,34.833,76.9,55.7,40.5,
9/26/2002,402.9,29,48,58,15,68,29,74,28,17,14,34.833,77.2,55.1,40.5,
10/31/2002,398.57,27,42,49,17,28,22,75,28,11,14,34.833,78,55.3,40.5,
11/26/2002,398.52,28,35,48,17,15,27,73,28,11,12,34.833,78.5,55.4,40.5,
12/31/2002,422.58,47,87,78,87,140,28,73,31,19,22,23.6,78.72,56,40.5,
1/29/2003,422.1,20,88,78,66,139,29,73,27,17,17,24.76,78.76,56.78,40.5,
2/27/2003,422.01,28,100,80,50,137,25,76,30,17,20,24.84,77.63,56.52,40.5,
3/27/2003,421.95,18,95,76,37,129,30,68,25,16,20,24.6,77.3,56.7,40.5,
4/28/2003,422.06,29,95,77,27,133,34,74,28,16,18,24.7,77.05,56.6,40.5,
5/28/2003,420.98,26,90,78,14,134,32,75,30,16,18,25,76.68,56.69,40.5,
6/26/2003,418.31,25,79,72,15,126,29,75,27,12,14,25.15,76.3,56.75,40.5,
8/1/2003,413.85,20,61,59,15,120,29,72,28,16,18,34.6,76.6,56.3,,
8/28/2003,410.1,22,67,55,12,105,20,70,24,12,15,28.9,76.7,55.9,,
9/29/2003,405.21,24,54,52,12,86,29,72,28,16,16,,77.5,55.3,,
11/26/2003,399.72,28,36,38,16,25,26,71,30,20,15,,78.5,55.1,,
12/24/2003,413.2,27,78,35,89,98,25,73,34,16,10,29.3,78.25,55.29,40.5,
1/30/2004,421.55,25,78,68,77,88,24,73,28,27,20,24.69,78.29,56.25,40.5,
2/27/2004,422.31,73,97,84,84,100,30,70,30,18,28,34.45,77.67,56.54,40.5,
3/30/2004,421.15,27,79,80,21,86,35,66,29,17,22,34.833,77.3,56.4,40.5,
4/30/2004,418.32,27,79,81,16,92,31,74,29,17,19,24.9,77,56.32,40.5,
6/30/2004,411.6,25,65,69,12,110,29,74,28,17,19,34.8333,76.9,55.7,40.5,
7/29/2004,408,26,61,66,14,99,30,72,27,17,15,34.8333,77.25,55.1,40.5,
8/31/2004,403.8,26,54,59,13,87,28,72,28,16,14,34.8333,77.6,56.1,40.5,
9/30/2004,399.45,26,47,48,13,42,28,72,27,15,11,34.8333,78.15,54.95,40.5,
10/??/2004,400.8,23,51,44,15,56,31,74,30,15,14,34.8333,78,54.9,40.5,
10/29/2004,398.05,28,41,40,40,19,25,73,27,16,13,34.8333,78.88,56.16,40.5,
12/1/2004,398.25,28,40,38,17,14,22,72,28,13,10,34.8333,79.22,55.64,40.5,
12/30/2004,415.69,28,65,57,84,140,29,75,31,17,13,34.45,79.17,55.77,40.5,
1/28/2005,421.8,28,84,74,83,134,31,74,30,18,20,34.55,78.75,56.5,40.5,
2/28/2005,422.37,29,92,81,87,135,33,74,29,19,20,34.3854,78.21875,56.5833,40.5,
3/31/2005,422.1,28,96,83,69,137,33,73,27,18,21,34.7,77.8,56.9,40.5,
4/28/2005,421.41,29,93,86,27,129,37,75,31,18,23,34.48,77.44,56.65,40.5,
5/31/2005,421.05,28,98,89,38,129,39,75,28,18,22,34.833,77.3,56.4,40.5,
6/27/2005,416.3,28,83,89,13,122,32,74,29,16,20,34.833,76.6,55.96,40.5,
7/28/2005,411.45,27,71,82,12,114,30,74,28,16,20,34.833,76.5,,40.5,
8/31/2005,406.6,26,60,73,13,99,28,74,29,16,17,34.833,77,,40.5,
9/30/2005,402.69,27,55,69,13,83,29,75,29,17,17,34.833,77.44,54.99,40.5,
11/2/2005,398.94,29,51,63,15,55,29,75,31,19,15,34.833,78.6,55.6,40.5,
11/30/2005,397.7,28,45,58,15,35,26,75,28,18,15,34.833,78.5,55.5,40.5,
2/3/2006,422.28,29,90,85,81,135,29,74,29,18,25,34.833,78.1,56.5,40.5,
3/1/2006,422.3,96,94,90,82,148,30,72,30,18,21,34.833,78.1,56.9,40.5,
3/31/2006,422.22,34,98,80,84,138,36,73,34,20,28,34.833,77,56.4,40.5,
4/30/2006,422.5,28,92,81,52,135,26,75,28,18,15,34.833,77.2,56.4,40.5,
5/31/2006,419.85,29,86,81,19,128,34,72,30,17,20,34.833,76.6,56.4,40.5,
6/30/2006,416.32,27,79,77,14,124,35,71,28,13,17,34.833,76.3,56.1,40.5,
7/28/2006,412.7,25,70,70,12,118,38,72,30,16,17,34.833,,55.6,40.5,
8/31/2006,407.8,28,64,64,17,107,32,72,32,14,16,34.833,,55,40.5,
9/28/2006,403,28,56,60,14,94,32,72,29,12,15,34.833,,54.6,40.5,
10/27/2006,400.4,30,51,55,25,78,37,72,28,16,16,34.833,,55.3,40.5,
11/27/2006,398.02,28,44,49,18,54,26,72,28,17,14,34.833,79.3,55.3,40.5,
12/29/2006,402,28,48,54,82,86,27,73,30,11,11,34.833,78.6,52.7,40.5,
1/29/2007,398.6,28,55,55,20,60,27,73,31,11,11,34.833,79.2,52.8,40.5,
2/28/2007,411.6,28,72,67,86,124,31,72,30,12,15,29.3,79.4,57.7,40.5,
3/29/2007,413.45,28,66,76,20,120,30,71,28,10,16,26.7,78.6,56.7,40.5,
4/27/2007,412.4,28,61,76,15,114,33,74,30,18,14,27.5,78.8,57.4,40.5,
6/1/2007,410.4,28,58,75,16,108,32,74,28,15,12,27.4,79.2,57.8,40.5,
6/28/2007,407.9,28,54,71,14,101,27,73,28,15,12,28,79.4,57.8,40.5,
7/27/2007,404.9,28,50,62,10,83,26,65,22,10,11,34.8333,80,,40.5,
8/30/2007,400.4,28,42,62,15,64,24,74,28,13,11,34.8333,79.5,55.5,40.5,
9/30/2007,397.2,28,37,55,15,44,24,73,28,12,11,34.8333,80.2,55.8,40.5,
10/31/2007,396.2,30,38,65,14,42,26,73,28,17,13,34.8333,80.4,55.9,40.5,
11/29/2007,395,28,51,60,15,64,26,73,28,18,13,34.8333,80,55.5,40.5,
12/27/2007,396.7,28,50,58,20,34,27,73,30,15,13,34.8333,81.4,55.8,40.5,
2/1/2008,422.15,30,72,90,82,125,26,73,28,18,14,24.7,80.5,56.7,40.5,
3/1/2008,422,30,84,96,64,122,30,74,29,12,22,24.8,79.6,56.7,40.5,
3/26/2008,421.15,29,82,94,70,124,30,74,28,14,20,24.5,80.6,56.6,40.5,
4/30/2008,419,27,76,92,13,122,32,76,25,18,20,25.2,79.2,57.3,40.5,
5/30/2008,416.7,27,74,91,15,122,30,75,25,16,20,25.2,81.2,58.1,40.5,
6/27/2008,413.7,26,68,90,14,116,35,77,25,17,18,25,79.2,56.8,40.5,
8/4/2008,409.4,26,68,92,90,120,30,76,26,15,20,30.5,79.3,57.1,40.5,
8/28/2008,405.7,27,69,90,14,118,30,76,25,18,20,31,82.3,57.6,40.5,
9/28/2008,403.1,27,68,90,15,120,30,77,25,16,20,34.833,79.7,58.3,40.5,
10/31/2008,400.4,26,71,90,15,120,30,76,25,16,20,34.833,80.2,56.9,40.5,
12/3/2008,400,29,39,67,16,47,26,73,27,11,15,34.833,80.63,55.47,40.5,
12/23/2008,399.55,27,38,69,15,46,23,73,28,12,13,34.833,80.45,55.45,40.5,
1/29/2009,399.65,28,43,65,16,44,22,69,23,14,12,34.833,81.1,56.3,40.5,
2/27/2009,418.88,27,64,88,78,120,46,70,22,12,11,24.8,81.4,56.4,40.5,
4/6/2009,421.5,28,66,96,15,125,26,66,22,8,18,23,79.6,55.8,40.5,
4/30/2009,420.27,28,67,96,16,123,27,72,23,13,19,24.6,79.7,56.8,40.5,
5/28/2009,419.5,27,71,95,10,122,30,74,24,13,20,24.8,79.1,56.4,40.5,
6/26/2009,417.35,29,70,100,16,120,34,74,26,14,18,25.4,79.3,56.4,40.5,
7/30/2009,414.13,28,64,88,17,116,35,75,23,15,15,25.6,79.5,56.9,40.5,
8/28/2009,410.99,28,57,83,14,107,33,73,23,11,16,28.08,79.1,55.35,40.5,31.54
9/28/2009,407.16,28,52,76,14,97,29,74,25,10,14,34.83,79.5,55,40.5,31.4
10/29/2009,403.69,29,46,72,15,83,32,73,24,13,14,34.83,80,55.5,40.5,31.4
11/30/2009,401.7,27,41,66,15,65,29,74,25,12,12,34.83,80.2,56.3,40.5,31.6
12/31/2009,401.32,30,44,70,16,54,22,71,23,9,15,34.83,80.7,56.6,40.5,31.6
1/28/2010,422.18,30,67,97,78,143,21,71,24,14,14,34.5,80.25,56.45,40.5,29.85
3/4/2010,422.2,27,82,89,87,140,23,71,25,13,22,34.54,79.55,56.43,40.5,29.02
3/31/2010,421.86,29,83,89,28,125,27,73,25,12,23,34.833,79.05,56.4,40.5,30.65
4/29/2010,421.98,28,82,88,31,126,25,70,21,13,23,34.833,78.8,56.6,40.5,30.4
5/29/2010,420.2,26,75,86,24,124,25,69,20,16,19,24.8,79.1,56.5,40.5,31.3
6/30/2010,417.42,28,74,87,15,121,29,73,23,15,22,25.15,78,56.02,40.5,31.57
7/28/2010,414.24,28,67,82,14,116,30,71,21,13,17,26.11,78.1,55.82,40.5,31.64
8/27/2010,411.3,29,63,79,15,109,34,73,23,14,19,27.8,78.21,55.23,40.5,31.63
9/24/2010,408.25,28,55,71,15,98,33,70,22,10,17,32.4,78.8,55.3,40.5,31.6
10/28/2010,405.6,29,50,68,14,86,27,71,23,14,15,34.8,79.2,55.1,40.5,31.7
11/30/2010,404.18,29,48,63,41,74,23,69,21,13,14,34.8,79.71,55.74,40.5,31.69
12/28/2010,416.28,29,71,81,86,127,27,71,23,11,14,34.3,79.45,55.85,40.5,28.52
1/31/2011,420.78,30,79,89,42,125,28,69,23,10,21,34.8,79.1,56.5,40.5,29.6
2/24/2011,422.09,29,86,93,65,127,30,70,23,13,24,34.8,78.5,57,40.5,28.94
3/30/2011,422.2,33,96,101,70,135,29,68,21,12,32,34.5,78.3,57.2,40.5,26.3
5/3/2011,420.93,29,84,96,24,125,32,70,21,13,25,24.8,77.8,57.1,40.5,30.1
5/26/2011,419.76,28,79,94,11,122,34,70,23,13,22,24.82,77.51,56.88,40.5,29.59
7/1/2011,417.38,28,77,93,15,123,37,72,25,14,21,25.2,77.22,56.24,40.5,29.6
7/22/2011,415.66,26,71,90,14,121,37,70,23,13,19,34.8,77.5,56,40.5,29.4
8/31/2011,412.55,26,66,85,14,115,27,71,25,12,27,26.6,77.7,55.4,40.5,29.8
9/26/2011,410.63,27,59,81,14,107,27,71,23,12,27,34.8,76.53,55.6,40.5,29.86
10/28/2011,408.66,26,52,76,14,102,24,69,23,12,15,32.7,78.6,55.2,40.5,30.1
11/30/2011,407.15,38,50,72,12,92,24,69,23,11,15,34.8,78.8,55.4,40.5,30.3
12/29/2011,406.08,29,50,70,15,84,27,70,25,9,14,34.8,79.5,56.03,40.5,30.72
1/27/2012,410.23,28,52,73,51,97,23,69,24,12,13,30.2,79,56.6,40.5,30.9
2/23/2012,409.16,28,57,74,14,99,22,70,23,13,12,30.4,78.9,56.7,40.5,31
3/30/2012,422.19,28,76,96,80,39,22,70,24,14,15,24.3,78.5,57,40.5,31.1
4/25/2012,421.6,29,83,96,46,126,28,73,26,10,27,24.4,78,57.9,40.5,31.3
5/31/2012,419.42,28,75,90,15,123,27,72,24,14,22,24.75,78.3,56.6,40.5,31.38
6/28/2012,417.25,26,74,84,15,120,24,71,21,15,18,24.9,78.4,56.3,40.5,31.4
7/26/2012,415.02,26,65,80,15,116,27,71,22,12,18,25.3,78.1,55.9,40.5,31.5
8/31/2012,412.22,26,60,77,15,113,31,71,23,11,14,26.3,78.4,55.4,40.5,31.4
9/27/2012,410.11,27,54,71,13,104,33,71,23,13,14,28.8,78.7,55.1,40.5,31.4
10/26/2012,407.94,28,51,67,15,90,24,72,22,17,12,34.8,79.32,55.49,40.5,31.2
11/27/2012,406.5,29,52,65,19,76,26,71,26,10,14,34.8,79.45,55.49,40.5,31.34
12/27/2012,422.25,44,79,89,83,144,24,70,24,8,17,24.05,79.1,55.9,40.5,27.3
1/31/2013,420.38,27,86,78,39,123,24,69,24,13,22,24.3,78.4,56.7,40.5,29.9
2/28/2013,418.99,26,69,78,19,121,25,67,22,12,21,24.4,78.3,57.3,40.5,30.9
3/29/2013,417.78,30,71,79,11,121,27,71,25,13,11,24.77,77.9,57.15,40.5,30.91
4/26/2013,416.65,28,69,78,15,120,30,71,24,12,19,24.84,77.86,57.15,40.5,30.96
5/30/2013,414.7,26,63,73,8,118,31,73,21,13,18,25.4,78,56.5,40.5,30.9
6/27/2013,412.91,28,59,67,15,114,33,71,39,14,17,27.7,78.23,56.28,40.5,30.92
7/25/2013,410.75,28,55,65,14,108,36,72,25,13,17,28.06,78.3,55.82,40.5,30.86
8/28/2013,408.37,28,53,59,14,97,27,73,25,12,17,34.8,78.9,55.37,40.5,30.81
9/26/2013,406.06,29,49,55,15,83,26,73,26,11,16,34.8,79.42,55.6,40.5,30.58
10/31/2013,403.54,26,43,50,14,63,23,70,22,9,11,34.8,79.84,55.77,40.5,30.9
11/21/2013,402.47,29,44,59,15,55,29,73,27,9,15,34.8,79.96,55.65,40.5,30.98
12/27/2013,401.1,29,41,56,15,47,23,71,25,7,13,34.8,80.46,56.37,40.5,31.3
1/30/2014,399.73,30,38,61,14,43,22,73,26,14,12,34.8,80.7,56.9,40.5,31.5
2/28/2014,410.01,28,49,67,82,103,28,76,30,13,13,34.8,80.3,56.9,40.5,31.4
3/27/2014,415.09,30,57,87,28,120,26,73,27,13,14,34.41,80.43,56.84,40.5,30.86
4/30/2014,419.81,28,63,94,20,124,26,72,24,13,16,24.4,79.9,56.5,40.5,31.1
5/29/2014,418.2,27,60,95,15,120,25,71,23,12,19,24.7,79.5,56.1,40.5,31.5
6/26/2014,416.58,29,58,95,15,117,31,73,25,12,19,24.9,79.53,55.95,40.5,31.55
7/30/2014,414.45,28,54,87,13,116,31,72,22,11,16,25.28,79.64,55.45,40.5,31.66
8/25/2014,412.88,28,54,87,14,113,35,74,26,9,18,25.82,79.94,55.1,40.5,31.65
8/28/2014,412.69,27,52,85,12,110,32,71,23,8,16,25.5,80.2,55.2,40.5,31.7
9/24/2014,411.08,28,51,83,15,107,27,73,25,9,16,27.49,80.5,54.86,40.5,31.57
10/30/2014,409.45,28,48,80,15,94,30,73,26,9,15,29.7,81.4,54.79,40.5,31.56
11/26/2014,408.8,29,44,75,15,84,22,70,22,8,13,26.8,82.1,55.4,40.5,31.8
12/22/2014,422.22,29,66,100,81,136,27,71,25,9,14,24.3,81.7,55.6,40.5,30.6
1/27/2015,421.08,28,67,98,16,118,29,71,24,12,20,24.3,81.8,56.2,40.5,31.3
2/24/2015,421.86,28,79,100,46,125,22,70,23,14,20,24.5,80.9,56.6,40.5,31.4
3/27/2015,420.82,26,68,100,14,123,29,72,23,15,21,24.5,80.2,56.6,40.5,34.4
4/23/2015,419.89,28,67,102,13,120,33,72,23,25,20,24.55,79.5,56.4,40.5,31.45
5/29/2015,418.14,28,62,98,12,120,28,71,22,10,18,25,79.56,56.25,40.5,31.42
6/26/2015,416.46,28,64,99,16,120,30,75,25,14,18,24.95,79.49,55.82,40.5,31.33
7/31/2015,414.51,27,58,92,12,117,27,72,22,12,19,24.9,79.3,55.5,40.5,31.4
8/31/2015,412.79,26,53,91,11,114,26,70,22,11,18,25,79.8,55.1,40.5,31.4
9/30/2015,411.11,30,52,87,15,108,26,72,22,10,16,25.6,80.1,55,40.5,31.3
10/27/2015,409.76,22,55,82,14,105,31,74,25,8,15,28.8,80.3,55.1,40.5,31.3
11/25/2015,409,28,47,84,17,104,25,74,27,12,14,28.7,80.4,55.2,40.5,31.2
12/21/2015,410.01,27,52,85,85,103,26,72,22,12,12,28.6,80.4,55.5,40.5,31.5
1/26/2016,422.12,31,69,98,72,131,26,72,24,15,15,24.5,80.1,56.6,40.5,28.1
2/22/2016,421.62,27,78,93,35,122,30,72,24,17,16,24.5,79.5,57,40.5,30.5
3/30/2016,422.01,27,78,100,46,125,30,72,24,14,26,24.5,78.91,57,40.5,30.4
4/28/2016,421.1,28,75,101,9,122,36,74,26,15,24,24.5,78.46,56.82,40.5,31.05
5/31/2016,419.67,24,73,95,14,121,33,74,22,14,18,24.7,78.2,56.4,40.5,31.3
6/30/2016,418.28,27,64,96,12,119,33,72,21,12,20,25.1,78.23,56.06,40.5,31.4
7/29/2016,416.52,27,60,90,11,119,27,65,23,11,17,24.9,78.3,55.6,40.5,31.4
8/24/2016,414.97,26,60,88,13,112,27,72,19,15,16,25.2,78.6,55.6,40.5,31.4
9/29/2016,412.61,27,55,86,13,113,24,71,24,12,14,25.15,78.84,55.25,40.5,31.4
10/28/2016,411,27,54,88,54,112,28,75,24,11,12,34.5,79.1,55.2,40.5,31.3
11/30/2016,411.15,28,59,87,50,110,27,72,27,13,16,34.3,79.2,55.6,40.5,31.3
12/30/2016,421.82,34,72,97,57,126,32,74,26,15,19,34.5,79.5,56,40.5,29.6
1/30/2017,422.1,33,76,103,68,138,29,71,23,14,28,24.7,78.6,56.7,40.5,27.2
2/24/2017,422.25,51,80,116,66,148,33,73,25,11,32,24.35,78.02,57.03,40.5,25.19
3/27/2017,422.15,30,70,106,60,130,32,72,26,11,26,24.74,77.6,57.03,40.5,28.45
4/27/2017,421.21,27,80,103,48,124,36,74,27,26,25,24.9,77.2,56.7,40.5,27.6
5/26/2017,419.54,28,70,99,12,122,36,72,27,10,21,24.85,76.94,56.49,40.5,28.7
6/28/2017,417.52,26,66,99,14,120,32,76,27,16,21,24.9,76.8,56.1,40.5,29.3
7/28/2017,415.57,26,62,96,14,118,31,74,26,11,19,24.9,77,55.6,40.5,29.48
8/24/2017,413.79,27,60,92,13,114,29,76,28,12,17,25,75.5,55.2,40.5,29.6
9/27/2017,411.19,28,54,90,14,109,29,75,29,13,17,25.77,77.85,54.89,40.5,29.6
10/26/2017,408.92,26,52,87,14,104,28,74,27,12,14,32.17,78.19,55.9,40.5,29.6
11/29/2017,407.81,27,48,82,15,102,27,75,26,10,14,34.8,78.6,55.4,40.5,29.9
12/27/2017,406.86,28,44,82,15,98,26,72,27,11,15,34.8,78.7,56,40.5,30.4
1/26/2018,408.78,27,50,84,76,98,23,74,26,12,11,31.2,78.8,56.6,40.5,30.4
2/26/2018,407.68,28,46,82,24,101,26,76,30,11,16,34.7,78.6,56.54,40.5,30.59
3/29/2018,417.42,28,64,91,52,121,23,72,25,11,15,24.3,78.42,58.86,40.5,30.6
4/24/2018,420.56,28,70,96,44,125,28,74,28,13,22,24.4,78,56.8,40.5,30.1
5/24/2018,419.35,26,62,93,12,121,24,74,25,12,21,24.62,77.71,56.74,40.5,30.07
6/21/2018,417.67,27,61,95,12,121,28,74,26,15,20,34.46,77.7,56.47,40.5,30.11
7/27/2018,415.1,27,57,94,13,118,31,76,28,12,17,34.6,78.9,56,40.5,30.39
8/23/2018,413.27,27,52,89,13,114,30,75,25,10,15,34.45,78.35,55.7,40.5,30.4
9/20/2018,411.4,27,52,86,12,110,31,74,26,11,14,34.43,78.65,56.7,40.5,30.26
10/26/2018,409.35,25,43,81,12,103,35,74,24,11,15,34.42,79.17,55.56,40.5,30.34
11/29/2018,408.36,29,50,85,52,102,34,81,33,12,14,34.8,79.1,55.1,40.5,30.45
12/28/2018,409.79,26,45,80,48,101,27,76,25,11,12,34.3,79.54,56.05,40.5,30.7
1/30/2019,422.02,29,63,99,55,128,25,24,30,12,28,24.28,78.95,56.42,40.5,28.95
2/22/2019,422.04,29,72,100,57,130,27,75,26,16,22,24.4,78.61,56.73,40.5,27.37
3/29/2019,422.31,28,70,103,85,138,25,73,24,15,25,24.95,78.15,57.1,40.5,28.09
4/29/2019,421.18,27,69,100,38,125,28,78,27,14,23,34.43,77.39,56.68,40.5,28.27
5/23/2019,420.17,28,72,102,15,122,32,78,30,12,24,24.7,77.53,56.45,40.5,29.35
6/27/2019,418.12,26,62,96,13,118,27,72,25,8,18,25.02,77.19,56.22,40.5,29.82
7/27/2022,412.2,,,,,,,,,,,24.86,80.3,56.3,40.5,32.3
8/31/2022,412.27,,,,,,,,,,,25.5,80.6,55.8,40.5,32.3
9/29/2022,411.07,,,,,,,,,,,26.7,80.9,55.4,40.5,32.3
11/2/2022,409.64,,,,,,,,,,,28.7,81.3,55.4,40.5,32.4
11/30/2022,409.2,,,,,,,,,,,31.9,81.3,55.5,40.5,32.4
12/22/2022,412.89,,,,,,,,,,,24.9,81.4,56,40.5,32.5
1/31/2023,421.77,,,,,,,,,,,24.4,80.8,56.5,40.5,29.4
2/28/2023,422.27,,,,,,,,,,,24.2,80.6,56.5,40.5,31.4
3/30/2023,422.35,,,,,,,,,,,23.9,79.7,57,40.5,28.7
4/28/2023,422.02,,,,,,,,,,,24.4,79.3,57.2,40.5,30.9
5/31/2023,421.66,,,,,,,,,,,24.5,78.8,57,40.5,30.6
6/29/2023,420.95,,,,,,,,,,,24.6,78.9,57.1,40.5,32.1
7/28/2023,419.84,,,,,,,,,,,24.6,79,57.05,40.5,32.3
8/31/2023,418.69,,,,,,,,,,,24.7,79.05,56.7,40.5,32.3
9/26/2023,417.93,,,,,,,,,,,24.7,79.2,56.6,40.5,32.3
